Hub_ID,Total_Outgoing_Flow,Avg_Segment_Delay,Std_Delay,Median_Delay,Max_Delay,Delay_Rank,Cluster_Label
700.0,4093,-1011.0393354507696,2267.3747827264524,-350.0,65634,364,1.0
128.0,2850,-616.9957894736842,1693.5988865340732,-88.0,36278,328,1.0
815.0,2809,-529.3517265930936,1499.88495576089,-97.0,5633,323,1.0
349.0,2556,252.5524256651017,1995.8999920017009,28.0,25490,84,1.0
128,2161,9.853771402128643,483.39660016568405,-1.0,6133,133,1.0
485.0,2089,-1210.4025849688846,2550.984461423917,-281.0,62281,381,1.0
700,1963,42.10901681100356,371.0716831309179,150.0,2294,119,1.0
815,1571,0.75493316359007,452.12648352142,18.0,3030,137,1.0
671.0,1490,-678.2422818791946,2435.1073988663384,-196.5,57995,334,1.0
349,1159,28.383088869715273,447.4361446597311,19.0,3794,127,1.0
609.0,863,-839.731170336037,3317.6104981154645,-128.0,53368,351,0.0
281.0,833,-780.140456182473,1800.9284039255026,-291.0,12663,346,0.0
597.0,770,275.46363636363634,5014.039947996663,-82.0,81313,81,0.0
413.0,585,-934.8068376068376,3112.9339140717125,-263.0,59111,357,0.0
431.0,579,237.5405872193437,3048.421371427985,-101.0,27746,88,0.0
485,567,-76.8641975308642,500.8814607358228,-95.0,4967,195,0.0
476.0,541,-273.66728280961183,3470.23611431474,-110.0,42425,287,0.0
149.0,523,-361.678776290631,3945.6741344851157,-180.0,26590,302,0.0
371.0,519,-719.8998073217726,1882.2719753451804,-147.0,28735,338,0.0
411.0,508,308.62795275590554,3238.8514981376184,-56.5,29513,78,0.0
456.0,498,54.25903614457831,2095.0631880062974,-137.5,17887,115,0.0
256.0,480,-575.54375,1650.6684235268144,-274.5,9274,324,0.0
308.0,453,28.32671081677704,3241.990540911581,-119.0,37261,128,0.0
527.0,421,-1586.308788598575,3203.8077798358727,-640.0,44952,398,0.0
671,418,-121.77511961722487,408.74484973542803,-143.5,2981,227,0.0
233.0,405,-854.0271604938272,3550.081962065004,-409.0,55025,353,0.0
555.0,398,-100.2035175879397,1766.3740589577508,-83.0,14360,211,0.0
809.0,394,-823.0862944162436,4127.556381456435,-241.5,74560,349,0.0
610.0,393,-958.8091603053435,1599.989670476082,-130.0,2837,359,0.0
134.0,339,-672.5840707964602,1814.610480602809,-154.0,12797,332,0.0
628.0,327,46.9388379204893,6339.511761206919,-424.0,75869,118,0.0
441.0,314,56.87579617834395,3428.122613363729,-96.0,18599,114,0.0
281,309,-26.663430420711975,574.9646488194644,-27.0,4235,160,0.0
149,303,18.785478547854787,400.81615022163896,60.0,1460,129,0.0
206.0,302,7258.887417218543,19640.58735920404,352.5,157723,10,0.0
403.0,277,-1288.7003610108304,1870.265810886098,-404.0,10291,384,0.0
113.0,260,-1407.9038461538462,1614.8052210454523,-285.0,1237,393,0.0
727.0,250,-617.968,1425.9939361018323,-54.5,4648,329,0.0
555,248,36.49596774193548,285.9220753667957,33.0,1802,122,0.0
144.0,245,340.9877551020408,5751.15889353632,-192.0,52905,74,0.0
411,242,-303.97520661157023,538.2238958262062,-312.0,2028,291,0.0
257.0,239,2780.615062761506,8888.493448969697,-42.0,78453,21,0.0
308,237,-91.92405063291139,688.667734429703,-98.0,3665,209,0.0
299.0,235,-739.131914893617,1702.055179173532,-473.0,4639,339,0.0
770.0,228,-1615.061403508772,2494.4406496854767,-183.0,1963,401,0.0
609,224,-72.83482142857143,553.4620953410812,-46.0,2848,192,0.0
166.0,222,-372.93693693693695,1324.4788663841593,-38.5,10425,306,0.0
341.0,215,2232.8093023255815,35894.027646110226,-143.0,525670,31,0.0
187.0,214,821.1308411214953,6970.960058201092,-208.0,76253,54,0.0
174.0,201,437.25373134328356,6044.224415944407,-380.0,49848,70,0.0
548.0,197,145.79187817258884,2433.0491540567255,-47.0,15287,96,0.0
468.0,190,-1593.1315789473683,2678.4980152159933,-389.0,17962,399,0.0
391.0,185,-315.9513513513514,1136.628047459951,-66.0,2238,294,0.0
571.0,183,-124.34426229508196,1742.2984366550822,-69.0,6811,229,0.0
476,183,-164.9672131147541,533.8406036710818,-144.0,2546,252,0.0
431,181,-42.469613259668506,693.2010814686417,-53.0,4566,175,0.0
597,178,-104.59550561797752,621.9799299012994,-95.5,2887,212,0.0
798.0,177,-743.2090395480226,2142.2319781246,-182.0,11700,341,0.0
778.0,168,-406.7559523809524,1002.0830669252172,-250.5,2235,310,0.0
524.0,162,-1321.3827160493827,2522.094606999493,-582.5,10535,387,0.0
371,155,-86.23870967741935,124.41557320314489,-112.0,427,204,0.0
456,152,-68.60526315789474,757.4891091201853,-168.5,2395,188,0.0
413,151,-129.80794701986756,578.0298229357119,-217.0,5671,234,0.0
233,149,-32.48993288590604,908.3722345228429,-69.0,4085,168,0.0
256,147,-86.05442176870748,1068.5382204323973,-163.0,5480,203,0.0
742.0,144,-478.0,8525.553142852868,-1987.5,81746,317,0.0
561.0,144,1167.8402777777778,5489.538320688763,-439.5,38431,47,0.0
783.0,140,-1234.1285714285714,2052.6368542177424,-179.0,2578,382,0.0
809,140,-187.1642857142857,321.2820453622455,-193.0,1231,261,0.0
216.0,138,49.13768115942029,7514.555374069489,-97.0,76925,117,0.0
153.0,137,-1071.3211678832117,2510.6550203854886,-743.0,4462,368,0.0
614.0,137,-115.15328467153284,850.5408736807607,-33.0,3129,222,0.0
398.0,134,-1678.3283582089553,3102.8134862521083,-325.0,2449,404,0.0
388.0,133,-1344.7142857142858,2532.9281910032946,-425.0,5037,389,0.0
800.0,129,-1160.9612403100775,1557.7253268142138,-232.0,1762,376,0.0
698.0,128,1636.71875,4658.22467270289,-189.0,23789,37,0.0
721.0,127,-109.70866141732283,2285.476422529941,3.0,8923,218,0.0
538.0,123,-2144.8536585365855,1990.142777162132,-2596.0,1517,420,0.0
243.0,122,8011.9672131147545,14906.507006653568,1210.0,79081,8,0.0
610,121,1.6446280991735538,321.2723107558481,-13.0,1236,136,0.0
113,120,-231.74166666666667,171.9162144881092,-292.0,717,274,0.0
527,117,-9.188034188034187,646.4003234308034,-99.0,4791,139,0.0
727,114,-76.13157894736842,446.8663658247837,-13.5,1438,194,0.0
441,113,-109.17699115044248,1115.861272340215,-140.0,10067,216,0.0
101.0,111,-704.5135135135135,1470.3486529321412,-289.0,5418,336,0.0
257,111,-258.009009009009,342.92547548451637,-387.0,1372,282,0.0
770,110,-166.48181818181817,476.61217923082836,-160.0,2177,253,0.0
187,100,-213.67,377.22533134197204,-287.0,1216,269,0.0
332.0,100,-970.87,4965.8745670075605,-1915.5,26468,360,0.0
236.0,94,-1057.936170212766,2365.855560577686,-216.0,4446,367,0.0
134,93,-71.54838709677419,400.9151085500204,-39.0,2051,190,0.0
576.0,93,2245.1720430107525,6459.917075493569,106.0,30917,30,0.0
361.0,93,-2050.0860215053763,1663.0274165425064,-2833.0,1068,410,0.0
798,93,-21.806451612903224,261.05747568322613,-10.0,1312,153,0.0
377.0,92,-697.5978260869565,1578.6899706059849,-66.0,4885,335,0.0
423.0,92,2273.282608695652,9106.361198135235,-378.0,44094,29,0.0
667.0,91,-37.252747252747255,3141.5557419618517,-94.0,21724,171,0.0
579.0,90,1061.5666666666666,3970.311571986723,5.5,30981,49,0.0
789.0,87,277.01149425287355,2281.412177385349,-69.0,14512,80,0.0
317.0,87,603.3103448275862,3226.3613687304037,250.0,23289,64,0.0
548,87,-261.85057471264366,718.3362969751644,-126.0,1449,284,0.0
635.0,85,-2165.4117647058824,1240.2920767199273,-2833.0,861,421,0.0
753.0,82,-371.3536585365854,1658.1315706180487,-284.0,6134,305,0.0
206,80,-246.175,590.8246280743894,-287.0,2795,278,0.0
468,78,-192.76923076923077,205.71313547241968,-156.0,119,262,0.0
144,78,-47.26923076923077,566.555385196809,-133.0,2940,178,0.0
388,75,84.30666666666667,694.8888881302152,-35.0,2574,108,0.0
628,75,-147.54666666666665,895.3723563839663,-120.0,5045,248,0.0
649.0,75,2520.133333333333,17680.20210638222,-1204.0,86237,26,0.0
403,69,-135.44927536231884,310.1547306555175,-115.0,1016,240,0.0
721,69,-104.98550724637681,199.91236997550752,-126.0,563,213,0.0
742,68,-252.61764705882354,133.9881961176381,-278.5,240,280,0.0
391,67,-44.07462686567164,322.90641825846416,-77.0,689,176,0.0
520.0,67,114.4776119402985,1473.1343451069235,-93.0,5806,103,0.0
326.0,66,-900.439393939394,1839.411880330549,-186.0,3298,355,0.0
778,66,-1372.5454545454545,1190.0867089524086,-1238.5,2700,392,0.0
663.0,65,-297.81538461538463,1045.163307997662,-52.0,2804,290,0.0
538,65,-196.76923076923077,338.86975601027234,-284.0,1045,263,0.0
361,65,-31.16923076923077,166.88727194864666,-6.0,724,166,0.0
690.0,65,-840.8153846153846,1552.768846411022,-74.0,579,352,0.0
635,65,-321.2923076923077,71.28633351599622,-336.0,-93,296,0.0
286.0,64,320.15625,2735.8440339999315,-137.0,12592,76,0.0
243,64,-111.421875,185.27823818688185,-126.5,540,219,0.0
299,63,-116.33333333333333,569.3131685381672,-277.0,2235,224,0.0
366.0,63,-202.17460317460316,867.4697454923704,-20.0,1300,265,0.0
166,62,-115.90322580645162,227.21764749615264,-29.0,635,223,0.0
752.0,61,981.2295081967213,7541.565203133548,-123.0,35293,52,0.0
174,61,-210.88524590163934,186.10078795826877,-129.0,277,267,0.0
341,61,-82.55737704918033,720.6952782924317,-137.0,3152,201,0.0
783,58,-35.724137931034484,176.104414113606,-67.5,454,169,0.0
332,58,-119.94827586206897,473.4763345542626,-219.5,2177,226,0.0
571,57,-62.26315789473684,240.68566684695605,-84.0,1099,186,0.0
649,57,-52.21052631578947,226.7858285477185,-51.0,1140,181,0.0
140.0,56,-982.6785714285714,3190.014329447114,-662.5,12600,362,0.0
524,56,-46.964285714285715,275.29897561383325,-121.5,897,177,0.0
667,55,-185.8909090909091,349.1806638789382,-74.0,11,260,0.0
153,53,-80.24528301886792,232.19081225283205,-106.0,838,199,0.0
196.0,51,-1136.7254901960785,2679.2309200845784,-2209.0,8097,373,0.0
576,51,-176.5686274509804,383.2721881327661,-292.0,1451,257,0.0
561,50,-308.54,186.12232207747195,-437.5,123,292,0.0
293.0,47,-1287.7021276595744,1344.492387077152,-1100.0,781,383,0.0
356.0,47,10672.91489361702,76635.16138789766,-195.0,524239,7,0.0
409.0,47,-237.68085106382978,2020.0787878132803,-157.0,7203,275,0.0
108.0,46,1188.2391304347825,9158.515001376303,-2443.5,49386,46,0.0
238.0,46,-1139.3478260869565,1863.8963039514988,-386.5,1004,374,0.0
481,43,-17.6046511627907,221.66030848756841,-22.0,889,146,0.0
426.0,43,-2342.6744186046512,1639.0888833932543,-3710.0,-415,423,0.0
787.0,42,-1163.8333333333333,2919.526013289901,-153.0,11261,377,0.0
699.0,42,-437.6666666666667,5705.9948435370625,-579.5,30465,313,0.0
490.0,42,-1190.857142857143,2366.9363296992533,-133.5,475,379,0.0
327.0,41,989.2439024390244,3178.558594555776,-55.0,11440,51,0.0
584.0,40,-1810.075,1620.0013356673821,-642.0,-81,407,0.0
695.0,40,143.05,1507.184128577493,-19.5,7504,97,0.0
108,40,-131.75,263.0619260232787,-227.5,595,235,0.0
201.0,39,-135.17948717948718,1686.6557361239222,-37.0,5869,239,0.0
216,38,-42.0,218.00793439565328,-41.0,441,174,0.0
236,38,-112.28947368421052,1110.8784667974755,-168.0,3224,220,0.0
398,38,-128.02631578947367,602.418301597464,-196.0,2346,232,0.0
228.0,37,-2054.6216216216217,2501.7001702325847,-117.0,1211,412,0.0
614,37,-462.2972972972973,1001.6801126347914,-50.0,101,315,0.0
152.0,35,-855.1428571428571,2607.565205804259,-262.0,9185,354,0.0
789,35,-37.34285714285714,751.3218133575591,-3.0,1009,172,0.0
101,35,-126.65714285714286,413.3847334083904,-91.0,818,231,0.0
377,34,-32.205882352941174,110.22615303472323,-2.5,96,167,0.0
556.0,34,1569.4117647058824,9754.413450572303,-10.5,56580,40,0.0
698,34,-403.05882352941177,16.41496208926956,-405.5,-363,309,0.0
800,33,4.333333333333333,478.30349064863265,9.0,2480,135,0.0
395.0,33,1375.909090909091,4377.648201115214,-496.0,15358,41,0.0
752,33,-18.757575757575758,91.87662593902431,-48.0,141,148,0.0
136.0,32,1317.71875,2050.1272223996716,-23.5,5957,42,0.0
761.0,31,1048.9354838709678,1852.0163594576923,621.0,5511,50,0.0
484.0,30,728.1,4248.791652563885,354.5,17924,61,0.0
753,30,-230.56666666666666,374.7364759891697,-344.5,1251,273,0.0
481.0,29,213.0344827586207,913.8777459172308,-36.0,4500,93,0.0
293,29,-958.1379310344828,413.1322621266127,-1081.0,781,358,0.0
196,29,-273.41379310344826,90.35229352823761,-279.0,-61,286,0.0
678.0,29,-2129.103448275862,2143.9185143235068,-3517.0,4208,417,0.0
694.0,28,768.4642857142857,2548.303945505176,-93.0,8586,58,0.0
286,28,-81.96428571428571,383.309997564379,-123.5,1620,200,0.0
262.0,28,-2080.8214285714284,1995.9554298737053,-3739.5,2267,415,0.0
678,27,-144.77777777777777,66.12071322928026,-152.0,63,244,0.0
500,26,-13.5,307.0227678853802,-40.5,703,141,0.0
123.0,26,-1290.5,1672.2868952425597,-1426.5,4410,385,0.0
579,26,37.76923076923077,337.34164376101654,-110.0,1263,120,0.0
339.0,26,-606.5,2128.55378602468,-435.0,4848,327,0.0
326,26,-324.96153846153845,604.7770154871449,-234.0,963,297,0.0
366,25,-37.0,430.588744240565,-27.0,555,170,0.0
238,24,-138.95833333333334,517.8654751596391,-142.5,839,242,0.0
261.0,23,1572.8260869565217,5355.110767483322,-8.0,23144,39,0.0
327,23,-182.04347826086956,135.4885027865899,-200.0,39,259,0.0
603.0,23,231.65217391304347,3438.8298301588748,-49.0,13750,90,0.0
228,23,-57.52173913043478,76.08062085423079,-70.0,126,185,0.0
140,22,-258.95454545454544,443.71703523676814,-303.0,1203,283,0.0
556,22,-94.0,618.9648809177495,-77.0,1628,210,0.0
179.0,21,-750.2857142857143,1464.9207877171089,-190.0,478,342,0.0
127.0,21,360.2857142857143,3818.754235910674,-25.0,7451,72,0.0
761,21,-600.9047619047619,916.8454016224275,-225.0,809,326,0.0
423,20,-281.7,207.7062956753066,-294.5,175,289,0.0
490,20,-178.15,693.5437052216909,-289.0,1211,258,0.0
699,20,243.05,309.35884035414784,175.0,927,87,0.0
493.0,19,-813.0,2804.1876026954956,-825.0,6304,347,0.0
520,19,-146.73684210526315,354.98479499601467,-62.0,194,246,0.0
663,19,-57.1578947368421,189.22833448799207,-75.0,210,184,0.0
261,19,140.8421052631579,977.1072534759537,-51.0,4047,98,0.0
787,18,-74.16666666666667,329.36056587415135,-90.0,921,193,0.0
750.0,18,-26.333333333333332,518.1142276961485,-24.5,953,158,0.0
805.0,18,-838.7777777777778,1570.4504619996046,-158.0,2304,350,0.0
603,17,-87.05882352941177,167.25522061666538,-72.0,267,206,0.0
511,17,251.2941176470588,680.2553532227697,410.0,1226,85,0.0
691.0,17,-1122.0588235294117,1513.9054821300865,-1461.0,4152,372,0.0
317,17,-256.2352941176471,487.88004793849746,-336.0,891,281,0.0
445.0,17,-392.94117647058823,854.2197807493861,-63.0,137,308,0.0
690,17,-54.294117647058826,85.43401306409113,-69.0,75,183,0.0
245.0,16,2621.1875,5393.678772028728,-122.5,14855,23,0.0
296.0,16,15674.6875,20774.058604322683,6412.0,74826,2,0.0
448.0,16,619.4375,1022.5425806129867,73.0,3279,63,0.0
287.0,16,7067.5,6584.609611308278,7133.0,23235,11,0.0
605.0,16,-486.9375,1532.7688875039184,-26.0,1555,320,0.0
262,16,-331.25,391.2667461804883,-381.5,987,298,0.0
313.0,15,-821.8666666666667,2686.9741842203593,-1916.0,6264,348,0.0
515.0,15,-1416.5333333333333,2065.3997491549967,-433.0,579,395,0.0
407.0,15,2604.9333333333334,4159.340048384507,315.0,14693,24,0.0
409,15,-21.466666666666665,657.8836052792607,-166.0,2197,152,0.0
356,15,-480.26666666666665,850.9201294285302,-165.0,624,319,0.0
575.0,15,-757.8666666666667,479.49614428163267,-761.0,100,343,0.0
296,14,807.5714285714286,2034.1870314995322,-190.0,5477,56,0.0
151.0,14,-30.0,180.54404960051673,-30.0,230,162,0.0
620,13,908.8461538461538,2504.197404564113,2943.0,3216,53,0.0
395,13,-479.6923076923077,53.91874228161085,-495.0,-307,318,0.0
575,13,93.15384615384616,259.81783559314727,98.0,570,107,0.0
325,13,-369.6923076923077,694.2021060919968,-243.0,83,304,0.0
325.0,13,36.0,2710.223238037782,-85.0,6820,123,0.0
737.0,13,-1989.6153846153845,4702.3628375966755,-1391.0,9877,409,0.0
313,13,57.23076923076923,115.04937624498001,51.0,228,112,0.0
201,13,-904.9230769230769,870.9989917271683,-871.0,75,356,0.0
620.0,13,61181.0,149157.533133038,22619.0,557375,1,2.0
680.0,12,-1756.5,1551.067755392453,-1393.0,-277,406,0.0
695,12,-150.91666666666666,429.9666918036862,-241.0,719,249,0.0
452.0,12,33.083333333333336,1842.0958152127273,-30.0,2891,125,0.0
774.0,12,-2069.0833333333335,2493.90804883833,-727.0,45,413,0.0
221,12,32.416666666666664,56.20167958236469,36.5,118,126,0.0
287,12,-41.75,109.3302960590688,-9.0,54,173,0.0
123,12,-378.0833333333333,31.18699709620642,-385.5,-293,307,0.0
805,12,-30.166666666666668,216.61689405002275,-41.5,462,163,0.0
461.0,12,-24.916666666666668,286.86089702576095,-28.0,646,156,0.0
274.0,11,-1743.0,2780.046222637314,-3288.0,5364,405,0.0
737,11,-133.27272727272728,63.74651505626156,-141.0,-14,237,0.0
511.0,11,737.0909090909091,5893.53247983831,-647.0,18037,60,0.0
173.0,11,510.8181818181818,1728.650040822712,-38.0,5546,68,0.0
472.0,11,254.54545454545453,3982.3141604759503,-1243.0,9152,83,0.0
252,10,-169.0,1109.8383265643295,-81.5,1898,254,0.0
732.0,10,2673.0,7736.420820451219,453.5,24159,22,0.0
500.0,10,-463.2,1182.1111810842685,-90.0,70,316,0.0
148.0,10,-626.3,1786.6673538555892,-1503.5,2535,330,0.0
694,10,263.3,395.77688720343997,149.0,1036,82,0.0
169.0,10,-1367.7,1563.1684383541865,-971.5,590,391,0.0
339,10,-138.9,185.28803403230216,-103.0,15,241,0.0
184.0,10,1159.4,2710.7513595557475,6.0,8715,48,0.0
567,9,298.77777777777777,1101.9946435643162,-47.0,2859,79,0.0
152,9,-20.555555555555557,207.80105336060686,16.0,327,151,0.0
567.0,9,-16.333333333333332,2253.7914167020867,-44.0,2521,144,0.0
515,9,17.444444444444443,419.0850483825184,-145.0,973,130,0.0
226.0,9,589.6666666666666,1649.1600134613984,606.0,3200,65,0.0
102.0,8,11231.75,15657.34427171023,4509.0,41566,6,0.0
151,8,-30.0,157.7520658682931,-30.0,200,162,0.0
169,8,-51.0,97.85119898528144,-28.0,51,179,0.0
400,8,231.875,740.1191868302602,84.0,1995,89,0.0
252.0,8,-26.875,1130.6815185668206,-32.5,1912,161,0.0
750,8,-25.125,378.105592772329,-22.0,664,157,0.0
734.0,8,-243.0,291.1043013864864,-97.5,30,277,0.0
448,8,124.625,755.2269171769314,-194.0,1964,101,0.0
502.0,8,-2993.375,2322.187327099788,-2525.0,406,425,0.0
711.0,8,2577.375,2926.4077412174033,1987.5,7540,25,0.0
221.0,8,321.625,604.730149381878,14.5,1319,75,0.0
452,8,13.625,2125.3784158860476,-23.0,2884,132,0.0
426,7,-432.2857142857143,11.426785574754984,-431.0,-415,312,0.0
472,7,-16.285714285714285,149.20758949163664,-76.0,227,143,0.0
240.0,7,-105.57142857142857,931.4764010506577,-427.0,1560,214,0.0
504.0,7,1265.0,2103.5185602540646,2675.0,2965,45,0.0
493,7,-742.5714285714286,1321.506193344405,-265.0,-79,340,0.0
226,7,-31.142857142857142,182.75432377140316,64.0,137,165,0.0
535.0,6,-1602.8333333333333,1793.1105282906199,-553.5,-380,400,0.0
265.0,6,3801.0,8587.65390546219,1598.5,20683,13,0.0
662.0,6,-775.8333333333334,2097.412350175012,-416.0,2535,344,0.0
335.0,6,-2053.6666666666665,2268.4322927225903,-1988.0,77,411,0.0
594.0,6,-30.833333333333332,90.11418682242362,-30.0,56,164,0.0
732,6,-88.16666666666667,117.17408701016905,-122.0,54,207,0.0
641.0,6,4616.5,9094.141845166041,1382.0,23098,12,0.0
265,6,-131.83333333333334,117.79544416770398,-152.5,5,236,0.0
316.0,6,7271.5,9480.760217408728,6690.0,24748,9,0.0
148,6,-249.83333333333334,399.45734023380606,-165.5,141,279,0.0
270.0,6,-23.666666666666668,1518.3880487762892,-23.0,2295,155,0.0
154.0,6,113.33333333333333,3429.990826032435,-849.0,5604,104,0.0
746.0,6,490.3333333333333,1725.5132183401743,-210.0,4000,69,
711,6,720.5,60.74454708037586,732.5,784,62,0.0
484,6,70.83333333333333,94.78695409531137,121.5,134,109,0.0
154,6,550.6666666666666,1227.4809435044874,-164.5,2694,66,0.0
274,5,-175.0,77.03570600701988,-214.0,-64,256,0.0
320.0,5,-224.0,191.24852940611072,-269.0,-19,271,0.0
812.0,5,246.2,697.6770026308735,-40.0,1492,86,0.0
685.0,5,-1000.4,900.650487148039,-1517.0,129,363,0.0
386.0,5,162.2,3814.494422593904,-404.0,6647,95,0.0
583.0,5,-1077.8,1723.0460527797857,-107.0,-24,369,0.0
179,5,-129.8,223.61954297422218,-88.0,119,233,0.0
748.0,5,2929.2,2935.8729025623707,4566.0,5961,19,0.0
173,5,-526.0,1195.1190317286391,-792.0,785,322,0.0
445,5,-140.0,119.46129080166513,-180.0,57,243,0.0
211.0,5,-2507.8,1115.4107763510267,-2877.0,-532,424,0.0
710.0,5,-1208.8,2663.353844309839,-66.0,2026,380,0.0
127,5,-10.8,184.78013962544784,13.0,234,140,0.0
211,5,-777.8,1377.9079069371799,38.0,570,345,0.0
464.0,5,2392.6,4287.842674352687,0.0,9748,28,0.0
734,4,-72.25,94.81692886821425,-80.0,51,191,0.0
641,4,807.75,2163.7790051974657,-231.0,4052,55,0.0
746,4,-42.0,152.5232222756041,13.0,65,174,0.0
771.0,4,-710.25,1525.270768311865,-811.5,1200,337,0.0
102,4,-319.75,26.862303202319293,-322.0,-285,295,0.0
658.0,4,-30.0,388.9001585668658,-30.0,361,162,0.0
178.0,4,-2111.75,1996.0337964740643,-2089.5,-378,416,0.0
346.0,4,345.25,3246.7495925412336,871.0,3563,73,0.0
353,4,-1337.5,864.6743124822586,-1564.5,-204,388,0.0
416,4,-85.0,162.67964429106263,-77.0,95,202,0.0
184,4,-309.25,88.57906073107797,-276.5,-244,293,0.0
461,4,-26.5,22.752289262108697,-26.5,1,159,0.0
584,4,-509.0,216.41780579856794,-414.5,-375,321,0.0
495.0,4,-364.25,532.4004601801166,-120.0,-58,303,0.0
192,4,168.5,481.2272505445495,-20.0,869,94,0.0
159.0,4,-8.25,1981.3835864533314,-26.0,2436,138,0.0
353.0,4,136.5,2424.333516659785,-158.0,2896,99,0.0
416.0,4,-1966.25,1396.6343771128265,-1373.0,-1069,408,0.0
320,3,-51.666666666666664,32.624121954978854,-70.0,-14,180,0.0
422.0,3,14893.666666666666,15755.408859605432,9672.0,32597,3,0.0
563.0,3,-1030.6666666666667,1819.8973414270745,-585.0,525,365,0.0
583,3,431.6666666666667,668.9142944603093,54.0,1204,71,0.0
422,3,-145.33333333333334,4.509249752822894,-145.0,-141,245,0.0
240,3,-410.3333333333333,16.072751268321596,-417.0,-392,311,0.0
118,3,-106.33333333333333,138.6229899162954,-86.0,21,215,0.0
685,3,-1159.0,26.057628441590765,-1146.0,-1142,375,0.0
118.0,3,129.66666666666666,364.0224352060369,-44.0,548,100,0.0
593,3,-456.0,22.60530911091463,-450.0,-437,314,0.0
593.0,3,-3683.6666666666665,75.38125319556141,-3720.0,-3597,426,0.0
647.0,3,3591.0,6271.7739117413985,-15.0,10833,15,
643.0,3,-351.0,2356.5061001406298,-1007.0,2264,301,0.0
162.0,3,-1108.3333333333333,854.4438737174802,-835.0,-424,371,0.0
290.0,3,-1618.3333333333333,1298.4183968711063,-2042.0,-161,402,
704,3,-126.33333333333333,97.94045810252948,-160.0,-16,230,0.0
704.0,3,37.666666666666664,660.8421394957599,-136.0,768,121,0.0
407,3,-78.33333333333333,61.15826463637873,-62.0,-27,197,0.0
470,2,-30.0,25.45584412271571,-30.0,-12,162,0.0
436.0,2,-281.5,89.80256121069154,-281.5,-218,288,0.0
129,2,-153.0,0.0,-153.0,-153,250,0.0
129.0,2,1706.0,0.0,1706.0,1706,36,0.0
477,2,-87.0,4.242640687119285,-87.0,-84,205,0.0
626,2,-19.0,1155.4124804588187,-19.0,798,149,0.0
718.0,2,228.0,1897.8746007046936,228.0,1570,92,0.0
622.0,2,1756.5,7071.774918646662,1756.5,6757,35,0.0
400.0,2,-3890.0,4228.498551495554,-3890.0,-900,427,0.0
304.0,2,-30.0,466.6904755831214,-30.0,300,162,
275.0,2,14295.0,21433.820751326628,14295.0,29451,4,0.0
276,2,-30.0,83.43860018001261,-30.0,29,162,0.0
276.0,2,-16.0,127.27922061357856,-16.0,74,142,0.0
103.0,2,-30.0,7.0710678118654755,-30.0,-25,162,0.0
270,2,-23.5,2696.1981566643058,-23.5,1883,154,0.0
304,2,-30.0,1838.4776310850236,-30.0,1270,162,0.0
112.0,2,2212.5,3257.6409409264243,2212.5,4516,32,0.0
372,2,-90.0,38.18376618407357,-90.0,-63,208,0.0
794.0,2,-1352.0,842.8712831743646,-1352.0,-756,390,0.0
117.0,2,1947.0,1736.6542545941606,1947.0,3175,34,0.0
316,2,-653.0,0.0,-653.0,-653,331,0.0
335,2,7.0,19.79898987322333,7.0,21,134,0.0
346,2,104.5,785.5956338982543,104.5,660,105,0.0
714.0,2,-586.5,907.2180002623405,-586.5,55,325,
718,2,524.5,960.9581156325181,524.5,1204,67,0.0
477.0,2,14018.0,18472.45755171737,14018.0,27080,5,
100.0,2,-1660.5,1754.3319241238244,-1660.5,-420,403,0.0
673.0,2,-2079.5,2574.5757903002195,-2079.5,-259,414,
543.0,2,-1459.5,5984.244689181752,-1459.5,2772,396,0.0
580.0,2,-2203.5,3027.12413025961,-2203.5,-63,422,0.0
514.0,2,-1413.5,2072.5299756577706,-1413.5,52,394,0.0
605,2,-30.0,685.8935777509511,-30.0,455,162,0.0
530,2,-30.0,53.74011537017761,-30.0,8,162,0.0
543,2,15.0,181.01933598375618,15.0,143,131,0.0
618.0,2,-2140.5,737.5123727775691,-2140.5,-1619,419,0.0
495,2,-109.5,120.91525958289962,-109.5,-24,217,0.0
275,2,-66.0,0.0,-66.0,-66,187,0.0
622,2,51.5,4.949747468305833,51.5,55,116,0.0
626.0,2,-17.5,1218.3449839844213,-17.5,844,145,0.0
192.0,2,-212.5,1608.6679271993955,-212.5,925,268,0.0
588,1,-675.0,1085.266431998357,-675.0,-675,333,0.0
786,1,-345.0,1085.266431998357,-345.0,-345,300,0.0
786.0,1,3279.0,1085.266431998357,3279.0,3279,16,0.0
550.0,1,3716.0,1085.266431998357,3716.0,3716,14,
563,1,99.0,1085.266431998357,99.0,99,106,0.0
550,1,-972.0,1085.266431998357,-972.0,-972,361,0.0
588.0,1,-226.0,1085.266431998357,-226.0,-226,272,0.0
790,1,-199.0,1085.266431998357,-199.0,-199,264,0.0
654.0,1,2399.0,1085.266431998357,2399.0,2399,27,0.0
654,1,-1031.0,1085.266431998357,-1031.0,-1031,366,0.0
647,1,-113.0,1085.266431998357,-113.0,-113,221,0.0
247,1,34.0,1085.266431998357,34.0,34,124,0.0
790.0,1,-1561.0,1085.266431998357,-1561.0,-1561,397,
643,1,-77.0,1085.266431998357,-77.0,-77,196,0.0
162,1,-2140.0,1085.266431998357,-2140.0,-2140,418,
640.0,1,2133.0,1085.266431998357,2133.0,2133,33,0.0
640,1,1313.0,1085.266431998357,1313.0,1313,43,0.0
631.0,1,-215.0,1085.266431998357,-215.0,-215,270,0.0
290,1,-1079.0,1085.266431998357,-1079.0,-1079,370,0.0
631,1,-123.0,1085.266431998357,-123.0,-123,228,0.0
812,1,61.0,1085.266431998357,61.0,61,110,0.0
247.0,1,3024.0,1085.266431998357,3024.0,3024,17,0.0
482.0,1,-71.0,1085.266431998357,-71.0,-71,189,0.0
766.0,1,2835.0,1085.266431998357,2835.0,2835,20,
451,1,-53.0,1085.266431998357,-53.0,-53,182,0.0
710,1,-79.0,1085.266431998357,-79.0,-79,198,0.0
488,1,-134.0,1085.266431998357,-134.0,-134,238,0.0
488.0,1,748.0,1085.266431998357,748.0,748,59,0.0
722,1,-119.0,1085.266431998357,-119.0,-119,225,0.0
722.0,1,121.0,1085.266431998357,121.0,121,102,0.0
504,1,-18.0,1085.266431998357,-18.0,-18,147,0.0
508,1,231.0,1085.266431998357,231.0,231,91,0.0
508.0,1,794.0,1085.266431998357,794.0,794,57,0.0
464,1,-147.0,1085.266431998357,-147.0,-147,247,0.0
455.0,1,1607.0,1085.266431998357,1607.0,1607,38,0.0
455,1,-1320.0,1085.266431998357,-1320.0,-1320,386,0.0
451.0,1,-20.0,1085.266431998357,-20.0,-20,150,0.0
528,1,57.0,1085.266431998357,57.0,57,113,0.0
766,1,-205.0,1085.266431998357,-205.0,-205,266,0.0
691,1,-1168.0,1085.266431998357,-1168.0,-1168,378,0.0
528.0,1,1301.0,1085.266431998357,1301.0,1301,44,
748,1,-239.0,1085.266431998357,-239.0,-239,276,0.0
749,1,-155.0,1085.266431998357,-155.0,-155,251,0.0
749.0,1,-123.0,1085.266431998357,-123.0,-123,228,0.0
687.0,1,-8397.0,1085.266431998357,-8397.0,-8397,429,0.0
687,1,-173.0,1085.266431998357,-173.0,-173,255,0.0
386,1,-335.0,1085.266431998357,-335.0,-335,299,0.0
382.0,1,-8322.0,1085.266431998357,-8322.0,-8322,428,
757,1,-267.0,1085.266431998357,-267.0,-267,285,0.0
757.0,1,3015.0,1085.266431998357,3015.0,3015,18,0.0
482,1,60.0,1085.266431998357,60.0,60,111,0.0
382,1,315.0,1085.266431998357,315.0,315,77,0.0
